Workbook

Sheet Dashboard
A1: 26-Week Interview Prep: Progress Dashboard
A3: Overall progress | B3: =COUNTIF(Plan!$A$2:$A$358,"Done") -> 1 | C3: =COUNTA(Plan!$A$2:$A$358) -> 331 | D3: =IF(C3=0,0,B3/C3) -> 0.003021148 | E3: tasks done / total / % | H3: How to use
H4: 1. Go to the Plan tab. Column A has a dropdown: Not started / In progress / Done.
A5: By month | H5: 2. Rows turn green when Done and yellow when In progress.
A6: Month | B6: Done | C6: In progress | D6: Total | E6: % done | H6: 3. Click a "LeetCode" / "GPP" / "Open link" cell to open the resource.
A7: 1 | B7: =COUNTIFS(Plan!$B$2:$B$358,$A7,Plan!$A$2:$A$358,"Done") -> 1 | C7: =COUNTIFS(Plan!$B$2:$B$358,$A7,Plan!$A$2:$A$358,"In progress") -> 0 | D7: =COUNTIF(Plan!$B$2:$B$358,$A7) -> 53 | E7: =IF(D7=0,0,B7/D7) -> 0.018867925 | H7: 4. This dashboard updates automatically. Do not type in the tables here.
A8: 2 | B8: =COUNTIFS(Plan!$B$2:$B$358,$A8,Plan!$A$2:$A$358,"Done") -> 0 | C8: =COUNTIFS(Plan!$B$2:$B$358,$A8,Plan!$A$2:$A$358,"In progress") -> 0 | D8: =COUNTIF(Plan!$B$2:$B$358,$A8) -> 67 | E8: =IF(D8=0,0,B8/D8) -> 0 | H8: 5. Use the filter arrows on the Plan tab to see one week or one category.
A9: 3 | B9: =COUNTIFS(Plan!$B$2:$B$358,$A9,Plan!$A$2:$A$358,"Done") -> 0 | C9: =COUNTIFS(Plan!$B$2:$B$358,$A9,Plan!$A$2:$A$358,"In progress") -> 0 | D9: =COUNTIF(Plan!$B$2:$B$358,$A9) -> 63 | E9: =IF(D9=0,0,B9/D9) -> 0 | H9: 6. Log mistakes in the Mistake Sheet tab and review it every Sunday.
A10: 4 | B10: =COUNTIFS(Plan!$B$2:$B$358,$A10,Plan!$A$2:$A$358,"Done") -> 0 | C10: =COUNTIFS(Plan!$B$2:$B$358,$A10,Plan!$A$2:$A$358,"In progress") -> 0 | D10: =COUNTIF(Plan!$B$2:$B$358,$A10) -> 67 | E10: =IF(D10=0,0,B10/D10) -> 0
A11: 5 | B11: =COUNTIFS(Plan!$B$2:$B$358,$A11,Plan!$A$2:$A$358,"Done") -> 0 | C11: =COUNTIFS(Plan!$B$2:$B$358,$A11,Plan!$A$2:$A$358,"In progress") -> 0 | D11: =COUNTIF(Plan!$B$2:$B$358,$A11) -> 59 | E11: =IF(D11=0,0,B11/D11) -> 0 | H11: Weekly rhythm
A12: 6 | B12: =COUNTIFS(Plan!$B$2:$B$358,$A12,Plan!$A$2:$A$358,"Done") -> 0 | C12: =COUNTIFS(Plan!$B$2:$B$358,$A12,Plan!$A$2:$A$358,"In progress") -> 0 | D12: =COUNTIF(Plan!$B$2:$B$358,$A12) -> 22 | E12: =IF(D12=0,0,B12/D12) -> 0 | H12: Mon-Thu: DSA, 2 hrs/day (4-6 core problems/week; Stretch rows are optional)
H13: Weekdays: 0.5-1 hr reading (C++ Mon/Tue, design Wed/Thu, recall Fri)
A14: By category | H14: Fri: C++ build with tests (2 hrs)
A15: Category | B15: Done | C15: In progress | D15: Total | E15: % done | H15: Sat (5 hrs): system design / LLD practice + 1 hr portfolio (to Week 17)
A16: DSA | B16: =COUNTIFS(Plan!$D$2:$D$358,$A16,Plan!$A$2:$A$358,"Done") -> 1 | C16: =COUNTIFS(Plan!$D$2:$D$358,$A16,Plan!$A$2:$A$358,"In progress") -> 0 | D16: =COUNTIF(Plan!$D$2:$D$358,$A16) -> 140 | E16: =IF(D16=0,0,B16/D16) -> 0.0071428571 | H16: Sun (5 hrs): Mistake Sheet review, timed DSA (from Week 5), mock (every 3rd week from Week 6), career task
A17: C++ build | B17: =COUNTIFS(Plan!$D$2:$D$358,$A17,Plan!$A$2:$A$358,"Done") -> 0 | C17: =COUNTIFS(Plan!$D$2:$D$358,$A17,Plan!$A$2:$A$358,"In progress") -> 0 | D17: =COUNTIF(Plan!$D$2:$D$358,$A17) -> 22 | E17: =IF(D17=0,0,B17/D17) -> 0
A18: Reading: C++ | B18: =COUNTIFS(Plan!$D$2:$D$358,$A18,Plan!$A$2:$A$358,"Done") -> 0 | C18: =COUNTIFS(Plan!$D$2:$D$358,$A18,Plan!$A$2:$A$358,"In progress") -> 0 | D18: =COUNTIF(Plan!$D$2:$D$358,$A18) -> 25 | E18: =IF(D18=0,0,B18/D18) -> 0 | H18: Reading key
A19: Reading: Design | B19: =COUNTIFS(Plan!$D$2:$D$358,$A19,Plan!$A$2:$A$358,"Done") -> 0 | C19: =COUNTIFS(Plan!$D$2:$D$358,$A19,Plan!$A$2:$A$358,"In progress") -> 0 | D19: =COUNTIF(Plan!$D$2:$D$358,$A19) -> 31 | E19: =IF(D19=0,0,B19/D19) -> 0 | H19: EMC++ = Effective Modern C++ (Meyers); CIA = C++ Concurrency in Action
A20: Saturday design | B20: =COUNTIFS(Plan!$D$2:$D$358,$A20,Plan!$A$2:$A$358,"Done") -> 0 | C20: =COUNTIFS(Plan!$D$2:$D$358,$A20,Plan!$A$2:$A$358,"In progress") -> 0 | D20: =COUNTIF(Plan!$D$2:$D$358,$A20) -> 24 | E20: =IF(D20=0,0,B20/D20) -> 0 | H20: GPP = Game Programming Patterns (gameprogrammingpatterns.com)
A21: Sunday career | B21: =COUNTIFS(Plan!$D$2:$D$358,$A21,Plan!$A$2:$A$358,"Done") -> 0 | C21: =COUNTIFS(Plan!$D$2:$D$358,$A21,Plan!$A$2:$A$358,"In progress") -> 0 | D21: =COUNTIF(Plan!$D$2:$D$358,$A21) -> 13 | E21: =IF(D21=0,0,B21/D21) -> 0 | H21: Xu1/Xu2 = System Design Interview Vol 1/2; DDIA = Designing Data-Intensive Applications
A22: Checkpoint | B22: =COUNTIFS(Plan!$D$2:$D$358,$A22,Plan!$A$2:$A$358,"Done") -> 0 | C22: =COUNTIFS(Plan!$D$2:$D$358,$A22,Plan!$A$2:$A$358,"In progress") -> 0 | D22: =COUNTIF(Plan!$D$2:$D$358,$A22) -> 1 | E22: =IF(D22=0,0,B22/D22) -> 0 | H22: Stretch/Extra practice rows are optional.
A23: Interview prep | B23: =COUNTIFS(Plan!$D$2:$D$358,$A23,Plan!$A$2:$A$358,"Done") -> 0 | C23: =COUNTIFS(Plan!$D$2:$D$358,$A23,Plan!$A$2:$A$358,"In progress") -> 0 | D23: =COUNTIF(Plan!$D$2:$D$358,$A23) -> 9 | E23: =IF(D23=0,0,B23/D23) -> 0
A24: Mock interview | B24: =COUNTIFS(Plan!$D$2:$D$358,$A24,Plan!$A$2:$A$358,"Done") -> 0 | C24: =COUNTIFS(Plan!$D$2:$D$358,$A24,Plan!$A$2:$A$358,"In progress") -> 0 | D24: =COUNTIF(Plan!$D$2:$D$358,$A24) -> 13 | E24: =IF(D24=0,0,B24/D24) -> 0
A25: Portfolio | B25: =COUNTIFS(Plan!$D$2:$D$358,$A25,Plan!$A$2:$A$358,"Done") -> 0 | C25: =COUNTIFS(Plan!$D$2:$D$358,$A25,Plan!$A$2:$A$358,"In progress") -> 0 | D25: =COUNTIF(Plan!$D$2:$D$358,$A25) -> 17 | E25: =IF(D25=0,0,B25/D25) -> 0
A26: Revision | B26: =COUNTIFS(Plan!$D$2:$D$358,$A26,Plan!$A$2:$A$358,"Done") -> 0 | C26: =COUNTIFS(Plan!$D$2:$D$358,$A26,Plan!$A$2:$A$358,"In progress") -> 0 | D26: =COUNTIF(Plan!$D$2:$D$358,$A26) -> 36 | E26: =IF(D26=0,0,B26/D26) -> 0
A28: By week
A29: Week | B29: Done | C29: In progress | D29: Total | E29: % done
A30: 1 | B30: =COUNTIFS(Plan!$C$2:$C$358,$A30,Plan!$A$2:$A$358,"Done") -> 1 | C30: =COUNTIFS(Plan!$C$2:$C$358,$A30,Plan!$A$2:$A$358,"In progress") -> 0 | D30: =COUNTIF(Plan!$C$2:$C$358,$A30) -> 15 | E30: =IF(D30=0,0,B30/D30) -> 0.066666667
A31: 2 | B31: =COUNTIFS(Plan!$C$2:$C$358,$A31,Plan!$A$2:$A$358,"Done") -> 0 | C31: =COUNTIFS(Plan!$C$2:$C$358,$A31,Plan!$A$2:$A$358,"In progress") -> 0 | D31: =COUNTIF(Plan!$C$2:$C$358,$A31) -> 12 | E31: =IF(D31=0,0,B31/D31) -> 0
A32: 3 | B32: =COUNTIFS(Plan!$C$2:$C$358,$A32,Plan!$A$2:$A$358,"Done") -> 0 | C32: =COUNTIFS(Plan!$C$2:$C$358,$A32,Plan!$A$2:$A$358,"In progress") -> 0 | D32: =COUNTIF(Plan!$C$2:$C$358,$A32) -> 12 | E32: =IF(D32=0,0,B32/D32) -> 0
A33: 4 | B33: =COUNTIFS(Plan!$C$2:$C$358,$A33,Plan!$A$2:$A$358,"Done") -> 0 | C33: =COUNTIFS(Plan!$C$2:$C$358,$A33,Plan!$A$2:$A$358,"In progress") -> 0 | D33: =COUNTIF(Plan!$C$2:$C$358,$A33) -> 14 | E33: =IF(D33=0,0,B33/D33) -> 0
A34: 5 | B34: =COUNTIFS(Plan!$C$2:$C$358,$A34,Plan!$A$2:$A$358,"Done") -> 0 | C34: =COUNTIFS(Plan!$C$2:$C$358,$A34,Plan!$A$2:$A$358,"In progress") -> 0 | D34: =COUNTIF(Plan!$C$2:$C$358,$A34) -> 19 | E34: =IF(D34=0,0,B34/D34) -> 0
A35: 6 | B35: =COUNTIFS(Plan!$C$2:$C$358,$A35,Plan!$A$2:$A$358,"Done") -> 0 | C35: =COUNTIFS(Plan!$C$2:$C$358,$A35,Plan!$A$2:$A$358,"In progress") -> 0 | D35: =COUNTIF(Plan!$C$2:$C$358,$A35) -> 15 | E35: =IF(D35=0,0,B35/D35) -> 0
A36: 7 | B36: =COUNTIFS(Plan!$C$2:$C$358,$A36,Plan!$A$2:$A$358,"Done") -> 0 | C36: =COUNTIFS(Plan!$C$2:$C$358,$A36,Plan!$A$2:$A$358,"In progress") -> 0 | D36: =COUNTIF(Plan!$C$2:$C$358,$A36) -> 15 | E36: =IF(D36=0,0,B36/D36) -> 0
A37: 8 | B37: =COUNTIFS(Plan!$C$2:$C$358,$A37,Plan!$A$2:$A$358,"Done") -> 0 | C37: =COUNTIFS(Plan!$C$2:$C$358,$A37,Plan!$A$2:$A$358,"In progress") -> 0 | D37: =COUNTIF(Plan!$C$2:$C$358,$A37) -> 18 | E37: =IF(D37=0,0,B37/D37) -> 0
A38: 9 | B38: =COUNTIFS(Plan!$C$2:$C$358,$A38,Plan!$A$2:$A$358,"Done") -> 0 | C38: =COUNTIFS(Plan!$C$2:$C$358,$A38,Plan!$A$2:$A$358,"In progress") -> 0 | D38: =COUNTIF(Plan!$C$2:$C$358,$A38) -> 15 | E38: =IF(D38=0,0,B38/D38) -> 0
A39: 10 | B39: =COUNTIFS(Plan!$C$2:$C$358,$A39,Plan!$A$2:$A$358,"Done") -> 0 | C39: =COUNTIFS(Plan!$C$2:$C$358,$A39,Plan!$A$2:$A$358,"In progress") -> 0 | D39: =COUNTIF(Plan!$C$2:$C$358,$A39) -> 18 | E39: =IF(D39=0,0,B39/D39) -> 0
A40: 11 | B40: =COUNTIFS(Plan!$C$2:$C$358,$A40,Plan!$A$2:$A$358,"Done") -> 0 | C40: =COUNTIFS(Plan!$C$2:$C$358,$A40,Plan!$A$2:$A$358,"In progress") -> 0 | D40: =COUNTIF(Plan!$C$2:$C$358,$A40) -> 15 | E40: =IF(D40=0,0,B40/D40) -> 0
A41: 12 | B41: =COUNTIFS(Plan!$C$2:$C$358,$A41,Plan!$A$2:$A$358,"Done") -> 0 | C41: =COUNTIFS(Plan!$C$2:$C$358,$A41,Plan!$A$2:$A$358,"In progress") -> 0 | D41: =COUNTIF(Plan!$C$2:$C$358,$A41) -> 15 | E41: =IF(D41=0,0,B41/D41) -> 0
... A55: 26 | B55: =COUNTIFS(Plan!$C$2:$C$358,$A55,Plan!$A$2:$A$358,"Done") -> 0 | C55: =COUNTIFS(Plan!$C$2:$C$358,$A55,Plan!$A$2:$A$358,"In progress") -> 0 | D55: =COUNTIF(Plan!$C$2:$C$358,$A55) -> 2 | E55: =IF(D55=0,0,B55/D55) -> 0

Sheet Plan
A1: Status | B1: Month | C1: Week | D1: Category | E1: Task | F1: Link | G1: More links
D2: Week 1 plan | E2: DSA: Arrays & hashing: duplicates, anagrams, two sum, top-K C++: Dynamic array (vector); type deduction and `auto` (EMC++ 1-6) System design: Singleton and dependency injection (GPP)
A3: Done | B3: 1 | C3: 1 | D3: DSA | E3: Contains Duplicate | F3: LeetCode
A4: Not started | B4: 1 | C4: 1 | D4: DSA | E4: Valid Anagram | F4: LeetCode
A5: Not started | B5: 1 | C5: 1 | D5: DSA | E5: Two Sum | F5: LeetCode
A6: Not started | B6: 1 | C6: 1 | D6: DSA | E6: Group Anagrams | F6: LeetCode
A7: Not started | B7: 1 | C7: 1 | D7: DSA | E7: Top K Frequent Elements | F7: LeetCode
A8: Not started | B8: 1 | C8: 1 | D8: DSA | E8: (Stretch) Product of Array Except Self | F8: LeetCode
A9: Not started | B9: 1 | C9: 1 | D9: DSA | E9: (Stretch) Valid Sudoku | F9: LeetCode
A10: Not started | B10: 1 | C10: 1 | D10: DSA | E10: (Stretch) Encode and Decode Strings (premium on LeetCode; use the free LintCode or NeetCode version)
A11: Not started | B11: 1 | C11: 1 | D11: C++ build | E11: dynamic array (vector)
A12: Not started | B12: 1 | C12: 1 | D12: Reading: C++ | E12: EMC++ Items 1-6 (type deduction, `auto`)
A13: Not started | B13: 1 | C13: 1 | D13: Reading: Design | E13: GPP Singleton | F13: GPP
A14: Not started | B14: 1 | C14: 1 | D14: Saturday design | E14: redesign a singleton-based module (logger or config manager) with dependency injection, on paper
A15: Not started | B15: 1 | C15: 1 | D15: Portfolio | E15: Create the GitHub repo `cpp-toolkit`: CMake, GoogleTest or Catch2, README skeleton; add your vector
A16: Not started | B16: 1 | C16: 1 | D16: Revision | E16: Review the Mistake Sheet; re-solve 2 problems you missed
A17: Not started | B17: 1 | C17: 1 | D17: Sunday career | E17: rewrite resume bullets with metrics
D18: Week 2 plan | E18: DSA: Two pointers: palindrome, 3Sum, container with most water, trapping rain water C++: `unique_ptr`; special member functions and smart pointers (EMC++ 17-22) System design: State pattern, pimpl; vending-machine state machine
A19: Not started | B19: 1 | C19: 2 | D19: DSA | E19: Valid Palindrome | F19: LeetCode
A20: Not started | B20: 1 | C20: 2 | D20: DSA | E20: Two Sum II | F20: LeetCode
A21: Not started | B21: 1 | C21: 2 | D21: DSA | E21: 3Sum | F21: LeetCode
A22: Not started | B22: 1 | C22: 2 | D22: DSA | E22: Container With Most Water | F22: LeetCode
A23: Not started | B23: 1 | C23: 2 | D23: DSA | E23: Trapping Rain Water | F23: LeetCode
A24: Not started | B24: 1 | C24: 2 | D24: C++ build | E24: `unique_ptr`
A25: Not started | B25: 1 | C25: 2 | D25: Reading: C++ | E25: EMC++ Items 17-22 (special member functions, smart pointers)
A26: Not started | B26: 1 | C26: 2 | D26: Reading: Design | E26: GPP State; pimpl idiom on cppreference | F26: GPP | G26: https://en.cppreference.com/w/cpp/language/pimpl
A27: Not started | B27: 1 | C27: 2 | D27: Saturday design | E27: model a vending-machine or traffic-light flow (idle, selecting, paying, dispensing) as a C++ state machine
A28: Not started | B28: 1 | C28: 2 | D28: Portfolio | E28: Add your `unique_ptr` with tests; set up GitHub Actions CI (build + test)
A29: Not started | B29: 1 | C29: 2 | D29: Revision | E29: Review the Mistake Sheet; re-solve 2 problems you missed
A30: Not started | B30: 1 | C30: 2 | D30: Sunday career | E30: finish resume bullets
D31: Week 3 plan | E31: DSA: Sliding window: best time to trade, longest substring, permutation in string C++: `shared_ptr` / `weak_ptr`; move semantics and forwarding references (EMC++ 23-26) System design: Observer and Event Queue; in-process event bus
A32: Not started | B32: 1 | C32: 3 | D32: DSA | E32: Best Time to Buy and Sell Stock | F32: LeetCode
A33: Not started | B33: 1 | C33: 3 | D33: DSA | E33: Longest Substring Without Repeating Characters | F33: LeetCode
A34: Not started | B34: 1 | C34: 3 | D34: DSA | E34: Longest Repeating Character Replacement | F34: LeetCode
A35: Not started | B35: 1 | C35: 3 | D35: DSA | E35: Permutation in String | F35: LeetCode
A36: Not started | B36: 1 | C36: 3 | D36: DSA | E36: (Stretch) Minimum Window Substring | F36: LeetCode
A37: Not started | B37: 1 | C37: 3 | D37: C++ build | E37: `shared_ptr` / `weak_ptr` basics
A38: Not started | B38: 1 | C38: 3 | D38: Reading: C++ | E38: EMC++ Items 23-26 (move semantics, forwarding references)
A39: Not started | B39: 1 | C39: 3 | D39: Reading: Design | E39: GPP Observer, Event Queue | F39: GPP | G39: https://gameprogrammingpatterns.com/event-queue.html
A40: Not started | B40: 1 | C40: 3 | D40: Saturday design | E40: design an in-process event bus / pub-sub: ownership, lifetime and unsubscribe bugs
A41: Not started | B41: 1 | C41: 3 | D41: Portfolio | E41: Add `shared_ptr`/`weak_ptr`; enable AddressSanitizer in CMake
A42: Not started | B42: 1 | C42: 3 | D42: Revision | E42: Review the Mistake Sheet; re-solve 2 problems you missed
A43: Not started | B43: 1 | C43: 3 | D43: Sunday career | E43: write behavioral story #1 (STAR format)
D44: Week 4 plan | E44: DSA: Stack: valid parentheses, min stack, RPN, daily temperatures, car fleet C++: RAII wrappers; String class with the Rule of 5 System design: Command and Object Pool; undo/redo design
A45: Not started | B45: 1 | C45: 4 | D45: DSA | E45: Valid Parentheses | F45: LeetCode
A46: Not started | B46: 1 | C46: 4 | D46: DSA | E46: Min Stack | F46: LeetCode
A47: Not started | B47: 1 | C47: 4 | D47: DSA | E47: Evaluate Reverse Polish Notation | F47: LeetCode
A48: Not started | B48: 1 | C48: 4 | D48: DSA | E48: Daily Temperatures | F48: LeetCode
A49: Not started | B49: 1 | C49: 4 | D49: DSA | E49: Car Fleet | F49: LeetCode
A50: Not started | B50: 1 | C50: 4 | D50: DSA | E50: (Stretch) Largest Rectangle in Histogram | F50: LeetCode
A51: Not started | B51: 1 | C51: 4 | D51: C++ build | E51: RAII wrappers (scoped lock, file handle)
A52: Not started | B52: 1 | C52: 4 | D52: C++ build | E52: String class with the Rule of 5 (copy/move constructors and assignment), with tests
A53: Not started | B53: 1 | C53: 4 | D53: Reading: C++ | E53: CppCon "Back to Basics: RAII"; Rule of 5 / Rule of 0 (cppreference); `std::lock_guard` and `std::unique_lock`
A54: Not started | B54: 1 | C54: 4 | D54: Reading: Design | E54: GPP Command, Object Pool | F54: GPP | G54: https://gameprogrammingpatterns.com/object-pool.html
A55: Not started | B55: 1 | C55: 4 | D55: Saturday design | E55: design undo/redo with the command pattern; an object pool for network buffers or connections
A56: Not started | B56: 1 | C56: 4 | D56: Portfolio | E56: Add RAII wrappers and your String class; list features in the README
A57: Not started | B57: 1 | C57: 4 | D57: Revision | E57: Review the Mistake Sheet; re-solve 2 problems you missed
A58: Not started | B58: 1 | C58: 4 | D58: Sunday career | E58: write behavioral story #2
D59: Week 5 plan | E59: DSA: Linked lists: reverse, merge, cycle, reorder, remove nth, add two numbers, copy with random pointer C++: LRU cache (list + hash map); braced init, `nullptr`, `enum class` (EMC++ 7-10) System design: SOLID, Strategy, Factory; Component / ECS design
A60: Not started | B60: 2 | C60: 5 | D60: DSA | E60: Reverse Linked List | F60: LeetCode
A61: Not started | B61: 2 | C61: 5 | D61: DSA | E61: Merge Two Sorted Lists | F61: LeetCode
A62: Not started | B62: 2 | C62: 5 | D62: DSA | E62: Linked List Cycle | F62: LeetCode
A63: Not started | B63: 2 | C63: 5 | D63: DSA | E63: Reorder List | F63: LeetCode
A64: Not started | B64: 2 | C64: 5 | D64: DSA | E64: Remove Nth Node From End of List | F64: LeetCode
A65: Not started | B65: 2 | C65: 5 | D65: DSA | E65: Add Two Numbers | F65: LeetCode
A66: Not started | B66: 2 | C66: 5 | D66: DSA | E66: Copy List with Random Pointer | F66: LeetCode
A67: Not started | B67: 2 | C67: 5 | D67: DSA | E67: (Stretch) Merge k Sorted Lists | F67: LeetCode
A68: Not started | B68: 2 | C68: 5 | D68: DSA | E68: (Stretch) Find the Duplicate Number | F68: LeetCode
A69: Not started | B69: 2 | C69: 5 | D69: DSA | E69: (Stretch) Reverse Nodes in k-Group | F69: LeetCode
A70: Not started | B70: 2 | C70: 5 | D70: C++ build | E70: LRU cache (list + hash map); then solve the LeetCode LRU Cache problem and compare | F70: LeetCode
A71: Not started | B71: 2 | C71: 5 | D71: Reading: C++ | E71: EMC++ Items 7-10 (braced init, `nullptr`, `using`, `enum class`)
A72: Not started | B72: 2 | C72: 5 | D72: Reading: Design | E72: GPP Component | F72: GPP
A73: Not started | B73: 2 | C73: 5 | D73: Reading: Design | E73: SOLID principles (one page per principle, with a C++ example); Strategy and Factory Method | F73: Open link | G73: https://refactoring.guru/design-patterns/factory-method
A74: Not started | B74: 2 | C74: 5 | D74: Saturday design | E74: design a small entity/component system in C++ (ECS vs inheritance)
A75: Not started | B75: 2 | C75: 5 | D75: Portfolio | E75: Add the LRU cache; add a Google Benchmark harness
A76: Not started | B76: 2 | C76: 5 | D76: Revision | E76: Review the Mistake Sheet; re-solve 2 problems you missed
A77: Not started | B77: 2 | C77: 5 | D77: Revision | E77: Timed DSA: re-solve 2 problems from this week, 30 min each, no hints
A78: Not started | B78: 2 | C78: 5 | D78: Sunday career | E78: behavioral story #3
D79: Week 6 plan | E79: DSA: Binary search: search matrix, Koko, rotated array C++: Hash map from scratch; EMC++ 11-16; how `unordered_map` works System design: Decorator, Adapter, Facade, Service Locator; LLD: parking lot; Mock #1
A80: Not started | B80: 2 | C80: 6 | D80: DSA | E80: Binary Search | F80: LeetCode
A81: Not started | B81: 2 | C81: 6 | D81: DSA | E81: Search a 2D Matrix | F81: LeetCode
A82: Not started | B82: 2 | C82: 6 | D82: DSA | E82: Koko Eating Bananas | F82: LeetCode
A83: Not started | B83: 2 | C83: 6 | D83: DSA | E83: Find Minimum in Rotated Sorted Array | F83: LeetCode
A84: Not started | B84: 2 | C84: 6 | D84: DSA | E84: Search in Rotated Sorted Array | F84: LeetCode
A85: Not started | B85: 2 | C85: 6 | D85: C++ build | E85: hash map from scratch
A86: Not started | B86: 2 | C86: 6 | D86: Reading: C++ | E86: EMC++ Items 11-16 (deleted functions, `override`, `noexcept`, `constexpr`); how `unordered_map` works (cppreference + a CppCon hash table talk)
A87: Not started | B87: 2 | C87: 6 | D87: Reading: Design | E87: GPP Service Locator; CRTP and dependency injection (CppCon "Back to Basics" talks) | F87: GPP
A88: Not started | B88: 2 | C88: 6 | D88: Reading: Design | E88: Decorator, Adapter, Facade | F88: Open link | G88: https://refactoring.guru/design-patterns/adapter
A89: Not started | B89: 2 | C89: 6 | D89: Saturday design | E89: LLD: interfaces in C++, vtable vs templates trade-offs
A90: Not started | B90: 2 | C90: 6 | D90: Saturday design | E90: LLD problem 1: parking lot (requirements, class diagram, C++ skeleton, which patterns fit)
A91: Not started | B91: 2 | C91: 6 | D91: Portfolio | E91: Add the hash map; benchmark vs `std::unordered_map`; record results in the README
A92: Not started | B92: 2 | C92: 6 | D92: Revision | E92: Review the Mistake Sheet; re-solve 2 problems you missed
A93: Not started | B93: 2 | C93: 6 | D93: Revision | E93: Timed DSA: re-solve 2 problems from this week, 30 min each, no hints
A94: Not started | B94: 2 | C94: 6 | D94: Mock interview | E94: Mock #1 (DSA, 45 min): book it with a friend or a platform such as Pramp or interviewing.io | F94: Open link
D95: Week 7 plan | E95: DSA: Trees: invert, depth, diameter, balanced, level order C++: Pool allocator; alignment, `sizeof`, struct padding System design: System design basics (Xu1 ch 1-3, estimation); OS basics
A96: Not started | B96: 2 | C96: 7 | D96: DSA | E96: Invert Binary Tree | F96: LeetCode
A97: Not started | B97: 2 | C97: 7 | D97: DSA | E97: Maximum Depth of Binary Tree | F97: LeetCode
A98: Not started | B98: 2 | C98: 7 | D98: DSA | E98: Diameter of Binary Tree | F98: LeetCode
A99: Not started | B99: 2 | C99: 7 | D99: DSA | E99: Balanced Binary Tree | F99: LeetCode
A100: Not started | B100: 2 | C100: 7 | D100: DSA | E100: Binary Tree Level Order Traversal | F100: LeetCode
...

Sheet Mistake Sheet
A1: Date | B1: Problem | C1: Pattern / Topic | D1: What I missed | E1: Re-solved on | F1: Notes
A2: Example: 2026-10-05 | B2: Trapping Rain Water | C2: Two pointers | D2: Forgot to move the pointer with the smaller height | F2: Re-solve next Sunday

Sheet Sheet1
A1: bhvcZ | B1: HOW TO
A2: VS Code snippet | B2: 1. Open the Command Palette
B3: 2. Run: Preferences: Configure User Snippets
B4: 3. Choose C++ or create a global snippet file
